[
    {
        "id": 1,
        "title": "¡Aprendamos de las emociones!",
        "folder": "post1",
        "thumb_mini": "thumb-mini.webp",
        "thumb_medium": "thumb-medium.webp",
        "post_size": "post-size.webp",
        "full_size": "full-size.webp",
        "content_md": "post-content.md"
    },
    {
        "id": 2,
        "title": "¡Identifica tus emociones con juegos!",
        "folder": "post2",
        "thumb_mini": "thumb-mini.webp",
        "thumb_medium": "thumb-medium.webp",
        "post_size": "post-size.webp",
        "full_size": "full-size.webp",
        "content_md": "post-content.md"
    },
    {
        "id": 3,
        "title": "¡Hagamos un cambio!",
        "folder": "post3",
        "thumb_mini": "thumb-mini.webp",
        "thumb_medium": "thumb-medium.webp",
        "post_size": "post-size.webp",
        "full_size": "full-size.webp",
        "content_md": "post-content.md"
    }
]

